{
    "MAE": 1.2948044192180517,
    "RMSE": 1.6656082145315148,
    "R\u00b2": 0.5845560373649845,
    "timestamp": "20260422_231242"
}